Subject_ID,euclidean,cosine
'Subject_1',11.056693412188235,1.6974356636836108
'Subject_2',5.9024148409453305,0.9038446291750639
'Subject_3',11.24484362742609,1.7771744447028652
'Subject_4',5.5138977375730445,0.6898217841531429
'Subject_5',6.069277600162397,1.1546854388094998
'Subject_6',5.25251718835806,0.4567327186760246
'Subject_7',5.295384888583765,0.5985372489818404
'Subject_8',4.527506434736459,0.19321730895349631
'Subject_9',5.515273665570455,0.6881946140394191
'Subject_10',5.837612511254062,0.855291607629923
'Subject_11',4.209742938686642,0.13764304690919094
'Subject_12',10.43959669153213,1.6569068154188278
'Subject_13',5.330428825315026,0.5925042495903583
'Subject_14',6.85762111927,1.425643961244965
'Subject_15',4.122619478773639,0.0986259956359693
'Subject_16',6.920564020012799,1.434802533813722
'Subject_17',6.190293702341528,1.1810407325503849
'Subject_18',4.886923308773687,0.4237913350692821
'Subject_19',4.52643943754498,0.20937167406774193
'Subject_20',5.388295780759516,0.6367262493098591
'Subject_21',5.234891851997405,0.5019654439407821
'Subject_22',5.214958472754297,0.5643470827290857
'Subject_23',5.747366887814815,0.8745636167833686
'Subject_24',5.812977494102818,0.92405613931719
'Subject_25',11.49559405787182,1.529347021377601
'Subject_26',5.800651334635341,0.882645899979719
'Subject_27',4.756876601162641,0.35539022207642346
'Subject_28',10.764180278682046,1.4598450295020042
'Subject_29',4.598735722837152,0.3946614286995853
'Subject_30',4.981724772638689,0.3672481387240637
'Subject_31',4.1392116638594985,0.18717962711104663
'Subject_32',3.2676681240247802,0.11722377213822077
'Subject_33',5.2147545514546065,0.5761345535145908
'Subject_34',8.86053114752155,1.3203766260494687
'Subject_35',4.855792059494761,0.350864762388966
'Subject_36',5.70171815827749,0.8137098046023893
'Subject_37',10.621837402885712,1.6208045798517556
'Subject_38',6.163544479066885,1.0588769567255245
'Subject_39',4.832273714115841,0.45312811540903275
'Subject_40',11.822160168600488,1.6125365094906083
'Subject_41',4.539600178044996,0.32022908081431056
'Subject_42',9.710852369729295,1.4161476026202113
'Subject_43',8.837738444165712,1.23249453743746
'Subject_44',5.917840453335784,0.9379100613268074
'Subject_45',4.111251924494188,0.12562610001428076
'Subject_46',6.080068123006364,1.1130190918396938
'Subject_47',9.930366274554066,1.2146890994826938
'Subject_48',7.338632712710869,0.948869857899392
'Subject_49',4.454272132520104,0.273622964435411
'Subject_50',4.6661794912900065,0.35800646506943556
'Subject_51',4.8144526258502545,0.32837591305586167
'Subject_52',7.491695022689184,1.657332471153521
'Subject_53',11.172858437756434,1.552066781934228
'Subject_54',4.874122737811702,0.4195392570548869
'Subject_55',8.04103582399015,1.339735079208745
'Subject_56',11.669906321232954,1.715888993255184
'Subject_57',9.75967038516045,1.5087749689020582
'Subject_58',5.446767052974856,0.6623120868903367
'Subject_59',10.792348626749233,1.7266164368896737
'Subject_60',5.43372169598948,0.6701231984771087
'Subject_61',10.776625252918686,1.7388265801694422
'Subject_62',10.669254030735203,1.7375370902277203
'Subject_63',5.888275017354929,1.004903036017749
'Subject_64',11.46012822311305,1.4601711859108226
'Subject_65',5.087245384292601,0.5114057667038527
'Subject_66',5.06527175879063,0.48926259491670376
'Subject_67',4.458697974219388,0.25651583589414706
'Subject_68',3.287409526423598,0.07989244905066695
'Subject_69',6.9602437593642135,1.589858696424964
'Subject_70',6.255214862669,0.7371360900859752
'Subject_71',11.568498169593845,1.332277350670216
'Subject_72',12.836192886938392,1.5187897656740952
'Subject_73',9.443372155829381,1.3949742509021061
'Subject_74',6.332249609487929,1.2541101075590593
'Subject_75',7.403760860279416,1.316242117172204
'Subject_76',5.926386487255362,0.961442486190575
'Subject_77',6.689698365137648,1.2973362720658455
'Subject_78',4.560335749830956,0.2641880246437176
'Subject_79',9.457922219706731,1.449870314644933
'Subject_80',6.350347428766089,0.8608517990702932
'Subject_81',4.713801651259729,0.29656945613788366
'Subject_82',5.9805761996742355,0.9937115187070502
'Subject_83',6.57522360887915,0.6498983154501179
'Subject_84',5.789719580593058,0.8494032644883008
'Subject_85',4.944473791232658,0.4425548801941297
'Subject_86',11.41447299026056,1.6504850497994221
'Subject_87',6.088690611463253,1.078908857746588
'Subject_88',9.908523058807626,1.65290200791449
'Subject_89',5.306488836103759,0.5085886705625229
'Subject_90',9.265940352287647,1.5447608920433407
'Subject_91',6.247941155648642,1.1389883892489818
'Subject_92',5.718777443747129,0.8050012172864897
'Subject_93',5.883677485792241,0.9423781157497042
'Subject_94',5.396359610184725,0.6517073190487519
'Subject_95',6.7548684179018625,1.3560815657327372
'Subject_96',6.047216301107467,1.001884298038654
'Subject_97',5.021390129043849,0.4588728759348075
'Subject_98',5.862945808745886,0.9225916644399867
'Subject_99',6.010840613913051,1.0556116021260735
'Subject_100',11.164210578499413,1.8679298878099897
'Subject_101',5.571626617339376,0.7493953649663826
'Subject_102',9.369726229238088,1.1170415726484089
'Subject_103',3.567356997077583,0.034922320476762025
'Subject_104',5.918518886183814,0.9663805995640776
'Subject_105',10.67841466779737,1.8672354803775324
'Subject_106',5.047517933698298,0.4436280073862673
'Subject_107',10.425228738934768,1.3994932659221482
'Subject_108',6.931613883834555,1.0695117761756363
'Subject_109',5.536916774418552,0.7271501617488739
'Subject_110',4.915284396548348,0.3848481874012756
'Subject_111',9.810803117369256,1.5501022337405501
'Subject_112',6.658562922728594,1.3015203700948137
'Subject_113',5.130804279789969,0.49565159541204395
'Subject_114',4.50615089246234,0.2866709095348555
'Subject_115',5.873723370627786,0.918834722791116
'Subject_116',5.730911626196423,0.8534414163630782
'Subject_117',5.7009820056039855,0.8324541436947879
'Subject_118',4.415452048370077,0.34903431329629475
'Subject_119',7.764943052027329,1.1835040750628543
'Subject_120',6.428360774240448,1.278119222233288
'Subject_121',5.172212037294294,0.5557479918333519
'Subject_122',6.121634671320916,1.194634350920423
'Subject_123',5.108038245892371,0.5099029401167379
'Subject_124',10.608352700934644,1.6834158185552202
'Subject_125',6.7783017617012655,1.3134191663690609
'Subject_126',5.764723521072876,0.8922417055765546
'Subject_127',5.506385298787571,0.7082841197329279
'Subject_128',2.8663522462773465,0.0712636502237528
'Subject_129',5.5755201735907045,0.7461072760646776
'Subject_130',4.094266589483183,0.23755131995830958
'Subject_131',9.19793311383568,1.0819027283751752
'Subject_132',4.389304293269607,0.24612996539391763
'Subject_133',6.7155638807869495,1.4724179772560646
'Subject_134',5.019127376281635,0.4541546040263831
'Subject_135',4.869844991776834,0.32266134343911856
'Subject_136',5.476234427643753,0.6632915018824586
'Subject_137',4.7070323979783035,0.27697100579698763
'Subject_138',5.976382925027754,1.0422360571782323
'Subject_139',9.548947062571255,1.2847074232582016
'Subject_140',5.178329380367646,0.5406968604260673
'Subject_141',4.640792752864564,0.3073953434772234
'Subject_142',6.261868501567781,1.0566971280353057
'Subject_143',3.41195419335852,0.1238912494059421
'Subject_144',3.539857789396783,0.07115017354219699
'Subject_145',6.232958749998942,1.0826795456328189
'Subject_146',11.476321855056758,1.8188782496925118
'Subject_147',11.117988178342575,1.4300022487989326
'Subject_148',10.174095089575573,1.4910410930786684
'Subject_149',10.381182172916587,1.66178548272716
'Subject_150',11.351287417324363,1.6018421540818948
'Subject_151',10.418353234146792,1.6843879929068049
'Subject_152',5.38690395675451,0.6480128459644845
'Subject_153',5.356046024569484,0.603892340077689
'Subject_154',5.4456220606972545,0.633238407968418
'Subject_155',6.014048219830734,1.0970267418649864
'Subject_156',4.371893077143511,0.18130577806790305
'Subject_157',8.292707540522745,1.0149970642660513
'Subject_158',7.131648671121702,1.4778628212029195
'Subject_159',5.3937721153373746,0.6175446954557056
'Subject_160',9.496768390391042,1.4260343667878819
'Subject_161',9.158955410364507,1.2491249314301762
'Subject_162',5.554072629039229,0.7373589431962164
'Subject_163',5.709490211793047,0.8382353093676571
'Subject_164',5.756614266678512,0.8434606468950278
'Subject_165',7.525274062202129,1.2235788483150194
'Subject_166',4.035439252803409,0.19812353064748212
'Subject_167',5.860185095987067,0.9369943718454233
'Subject_168',5.25160450950668,0.5799524723762493
'Subject_169',7.33277042150491,0.9746217925017246
'Subject_170',6.564565365623661,1.2555878620975256
'Subject_171',3.1480634950176616,0.04700735450291449
'Subject_172',4.429474879127892,0.21273425005560231
'Subject_173',9.70812882730893,1.6190349582666879
'Subject_174',5.0089238471042155,0.4539768120564036
'Subject_175',5.340887180783481,0.6171378995816756
'Subject_176',5.522075741874496,0.714716843435977
'Subject_177',6.2472510022793095,1.0284272471291915
'Subject_178',6.8772139811929085,1.6446145321124646
'Subject_179',3.5180550029721553,0.08881387922690454
'Subject_180',5.800012537105353,0.823825914370429
'Subject_181',5.393578471293777,0.634057133802826
'Subject_182',8.861064196354468,1.3897489878087297
'Subject_183',11.498598446291217,1.7115442084456127
'Subject_184',6.347407140301553,1.24332257506482
'Subject_185',5.116791333696389,0.44214440443658
'Subject_186',6.194092010667104,0.9372905199555197
'Subject_187',9.899741653371162,1.2520706744587462
'Subject_188',5.842205749543046,0.894374929919477
'Subject_189',12.01936937774073,1.3771240073752316
'Subject_190',8.383528452874108,1.2981201070177426
'Subject_191',5.144758484818833,0.5317858077987592
'Subject_192',11.192404781740555,1.4785411471476253
'Subject_193',9.052530890221373,1.2433332624060194
'Subject_194',5.057499618293338,0.459328568386119
'Subject_195',8.159196417181953,0.9270479275286115
'Subject_196',5.026545097289711,0.453600291317772
'Subject_197',4.160420143458987,0.1209288363194928
'Subject_198',9.696133844173492,1.5607292272909552
'Subject_199',7.920835844799122,1.104734994450276
'Subject_200',8.171780648426488,1.2552501025875005
